id,has_fork
1.jpg, 1
2.jpg, 1
3.jpg, 1
4.jpg, 0
5.jpg, 0
6.jpg, 0
7.jpg, 0
8.jpg, 0
9.jpg, 1
10.jpg, 1
11.jpg, 1
12.jpg, 0
13.jpg, 1
14.jpg, 1
15.jpg, 1
16.jpg, 1
17.jpg, 0
18.jpg, 1
19.jpg, 1
20.jpg, 1
21.jpg, 0
22.jpg, 0
23.jpg, 0
28.jpg, 1
29.jpg, 1
30.jpg, 1
31.jpg, 1
32.jpg, 1
33.jpg, 1
34.jpg, 1
35.jpg, 1
36.jpg, 1
37.jpg, 1
38.jpg, 1
39.jpg, 1
40.jpg, 1
41.jpg, 1
42.jpg, 1
43.jpg, 1
44.jpg, 1
45.jpg, 1
46.jpg, 1
47.jpg, 1
48.jpg, 1
49.jpg, 1
50.jpg, 1
28.jpg, 1
29.jpg, 1
30.jpg, 1
31.jpg, 1
32.jpg, 1
33.jpg, 1
34.jpg, 1
35.jpg, 1
36.jpg, 1
37.jpg, 1
38.jpg, 1
39.jpg, 1
40.jpg, 1
41.jpg, 1
42.jpg, 1
43.jpg, 1
44.jpg, 1
45.jpg, 1
46.jpg, 1
47.jpg, 1
48.jpg, 1
49.jpg, 1
50.jpg, 1
51.jpg, 0
52.jpg, 0
53.jpg, 0
54.jpg, 0
55.jpg, 0
56.jpg, 0
57.jpg, 0
58.jpg, 0
59.jpg, 0
60.jpg, 0
61.jpg, 0
62.jpg, 0
63.jpg, 0
64.jpg, 0
65.jpg, 0
66.jpg, 0
67.jpg, 0
68.jpg, 0
69.jpg, 0
70.jpg, 0
71.jpg, 0
72.jpg, 0
73.jpg, 0
74.jpg, 0
75.jpg, 0
76.jpg, 0
77.jpg, 0
78.jpg, 0
79.jpg, 0
80.jpg, 0
81.jpg, 1
82.jpg, 1
83.jpg, 1
84.jpg, 1
85.jpg, 1
86.jpg, 1
89.jpg, 1
91.jpg, 1
92.jpg, 1
93.jpg, 1
94.jpg, 1
95.jpg, 1
96.jpg, 1
97.jpg, 1
98.jpg, 1
99.jpg, 1
100.jpg, 1
201.jpg, 0
202.jpg, 0
203.jpg, 0
204.jpg, 0
205.jpg, 0
206.jpg, 0
207.jpg, 0
208.jpg, 0
209.jpg, 0
210.jpg, 0
211.jpg, 0
212.jpg, 0
213.jpg, 0
214.jpg, 0
215.jpg, 0
216.jpg, 0
217.jpg, 0
218.jpg, 0
219.jpg, 0
220.jpg, 0
221.jpg, 0
222.jpg, 0
223.jpg, 0
224.jpg, 0
225.jpg, 0
226.jpg, 0
227.jpg, 0
228.jpg, 0
229.jpg, 0
230.jpg, 0
231.jpg, 0
232.jpg, 0
233.jpg, 0
234.jpg, 0
235.jpg, 0
236.jpg, 0
237.jpg, 0
238.jpg, 0
239.jpg, 0
240.jpg, 0
241.jpg, 0
242.jpg, 0
243.jpg, 0
244.jpg, 0
245.jpg, 0
246.jpg, 0
247.jpg, 0
248.jpg, 0
249.jpg, 0
250.jpg, 0
251.jpg, 0
252.jpg, 0
253.jpg, 0
254.jpg, 0
255.jpg, 0
256.jpg, 0
257.jpg, 0
258.jpg, 0
259.jpg, 0
260.jpg, 0
261.jpg, 0
262.jpg, 0
263.jpg, 0
264.jpg, 0
265.jpg, 0
266.jpg, 0
267.jpg, 0
268.jpg, 0
269.jpg, 0
270.jpg, 0
271.jpg, 0
272.jpg, 0
273.jpg, 0
274.jpg, 0
275.jpg, 0
276.jpg, 0
277.jpg, 0
278.jpg, 0
279.jpg, 0
280.jpg, 0
281.jpg, 0
282.jpg, 0
283.jpg, 0
284.jpg, 0
285.jpg, 0
286.jpg, 0
287.jpg, 0
288.jpg, 0
289.jpg, 0
290.jpg, 0
291.jpg, 0
292.jpg, 0
293.jpg, 0
294.jpg, 0
295.jpg, 0
296.jpg, 0
297.jpg, 0
298.jpg, 0
299.jpg, 0
300.jpg, 0
115.jpg, 1
116.jpg, 1
117.jpg, 1
118.jpg, 1
119.jpg, 1
120.jpg, 1
122.jpg, 1
123.jpg, 1
124.jpg, 1
125.jpg, 1
126.jpg, 1
127.jpg, 1
128.jpg, 1
129.jpg, 1
130.jpg, 1
131.jpg, 1
132.jpg, 1
133.jpg, 1
134.jpg, 1
135.jpg, 1
136.jpg, 1
137.jpg, 1
138.jpg, 1
139.jpg, 1
140.jpg, 1
141.jpg, 1
142.jpg, 1
143.jpg, 1
144.jpg, 1
145.jpg, 1
146.jpg, 1
147.jpg, 1
148.jpg, 1
149.jpg, 1
150.jpg, 1
151.jpg, 1
152.jpg, 1
153.jpg, 1
154.jpg, 1
155.jpg, 1
156.jpg, 1
157.jpg, 1
158.jpg, 1
159.jpg, 1
160.jpg, 1
161.jpg, 1
162.jpg, 1
163.jpg, 1
164.jpg, 1
165.jpg, 1
166.jpg, 1
167.jpg, 1
168.jpg, 1
169.jpg, 1
170.jpg, 1
171.jpg, 1
173.jpg, 1
174.jpg, 1
175.jpg, 1
176.jpg, 1
177.jpg, 1
178.jpg, 1
179.jpg, 1
180.jpg, 1
181.jpg, 1
182.jpg, 1
183.jpg, 1
184.jpg, 1
185.jpg, 1
186.jpg, 1
187.jpg, 1
188.jpg, 1
189.jpg, 1
190.jpg, 1
191.jpg, 1
192.jpg, 1
193.jpg, 1
195.jpg, 1
196.jpg, 1
197.jpg, 1
198.jpg, 1
199.jpg, 1
200.jpg, 1
